{"accuracy": [0.5469805598258972, 0.8325627446174622, 0.8978874683380127, 0.9261114001274109, 0.9443914890289307, 0.9541930556297302, 0.9640514850616455, 0.9698982834815979, 0.9731417894363403, 0.9779927730560303], "loss": [1.5573101043701172, 0.5336788296699524, 0.3183920085430145, 0.2282634824514389, 0.17141419649124146, 0.14030662178993225, 0.1110694482922554, 0.09176018089056015, 0.08047153055667877, 0.06636427342891693], "val_accuracy": [0.8080468773841858, 0.8957432508468628, 0.9267584681510925, 0.945538341999054, 0.9370589852333069, 0.9637491703033447, 0.941725492477417, 0.9446847438812256, 0.963862955570221, 0.9689847230911255], "val_loss": [0.6259819269180298, 0.33891531825065613, 0.23249086737632751, 0.16648153960704803, 0.19886426627635956, 0.11389361321926117, 0.18551583588123322, 0.18451698124408722, 0.1206524446606636, 0.0951906144618988]}